Ticker,Sector,Holder,Shares,Date Reported,% Out,Value,Rank,Ticker-Rank,Value/Share
AVB,APARTMENT,"Vanguard Group, Inc.",22097202,3/30/21,0.1583,4077154741,0,AVB-0,184.51
AVB,APARTMENT,Blackrock Inc.,13865871,3/30/21,0.0993,2558391858,1,AVB-1,184.51
AVB,APARTMENT,State Street Corporation,8301360,3/30/21,0.0595,1531683933,2,AVB-2,184.51
AVB,APARTMENT,"Principal Financial Group, Inc.",4965275,3/30/21,0.0356,916142890,3,AVB-3,184.51
AVB,APARTMENT,JP Morgan Chase & Company,4521782,3/30/21,0.0324,834313996,4,AVB-4,184.51
AVB,APARTMENT,Norges Bank Investment Management,3730665,12/30/20,0.0267,598510585,5,AVB-5,160.43
AVB,APARTMENT,Price (T.Rowe) Associates Inc,3282494,3/30/21,0.0235,605652967,6,AVB-6,184.51
AVB,APARTMENT,PGGM Investments,3042467,3/30/21,0.0218,561365586,7,AVB-7,184.51
AVB,APARTMENT,"Geode Capital Management, LLC",2811177,3/30/21,0.0201,518690268,8,AVB-8,184.51
AVB,APARTMENT,Invesco Ltd.,2785437,3/30/21,0.02,513940980,9,AVB-9,184.51
EQR,APARTMENT,"Vanguard Group, Inc.",57730764,3/30/21,0.1544,4135254625,0,EQR-0,71.63
EQR,APARTMENT,Blackrock Inc.,37700811,3/30/21,0.1008,2700509091,1,EQR-1,71.63
EQR,APARTMENT,Norges Bank Investment Management,28825495,12/30/20,0.0771,1708775343,2,EQR-2,59.28
EQR,APARTMENT,State Street Corporation,21126599,3/30/21,0.0565,1513298286,3,EQR-3,71.63
EQR,APARTMENT,Price (T.Rowe) Associates Inc,18939314,3/30/21,0.0506,1356623061,4,EQR-4,71.63
EQR,APARTMENT,Apg Asset Management Us Inc.,12637000,3/30/21,0.0338,905188310,5,EQR-5,71.63
EQR,APARTMENT,Macquarie Group Limited,10099834,3/30/21,0.027,723451109,6,EQR-6,71.63
EQR,APARTMENT,Bank of America Corporation,8111322,3/30/21,0.0217,581013994,7,EQR-7,71.63
EQR,APARTMENT,"Geode Capital Management, LLC",6723904,3/30/21,0.018,481633243,8,EQR-8,71.63
EQR,APARTMENT,Northern Trust Corporation,6636082,3/30/21,0.0177,475342553,9,EQR-9,71.63
ESS,APARTMENT,"Vanguard Group, Inc.",10272897,3/30/21,0.158,2792584320,0,ESS-0,271.84
ESS,APARTMENT,Blackrock Inc.,6625487,3/30/21,0.1019,1801072386,1,ESS-1,271.84
ESS,APARTMENT,Cohen & Steers Inc.,5195289,3/30/21,0.0799,1412287361,2,ESS-2,271.84
ESS,APARTMENT,State Street Corporation,4810370,3/30/21,0.074,1307650980,3,ESS-3,271.84
ESS,APARTMENT,"Principal Financial Group, Inc.",2873742,3/30/21,0.0442,781198025,4,ESS-4,271.84
ESS,APARTMENT,Norges Bank Investment Management,2046993,12/30/20,0.0315,485997078,5,ESS-5,237.42
ESS,APARTMENT,JP Morgan Chase & Company,1493811,3/30/21,0.023,406077582,6,ESS-6,271.84
ESS,APARTMENT,"Geode Capital Management, LLC",1335731,3/30/21,0.0206,363105115,7,ESS-7,271.84
ESS,APARTMENT,Daiwa Securities Group Inc.,1254263,3/30/21,0.0193,340958853,8,ESS-8,271.84
ESS,APARTMENT,Northern Trust Corporation,1163947,3/30/21,0.0179,316407352,9,ESS-9,271.84
MAA,APARTMENT,"Vanguard Group, Inc.",18376856,3/30/21,0.1605,2652882932,0,MAA-0,144.36
MAA,APARTMENT,Blackrock Inc.,11386523,3/30/21,0.0995,1643758460,1,MAA-1,144.36
MAA,APARTMENT,State Street Corporation,6505582,3/30/21,0.0568,939145817,2,MAA-2,144.36
MAA,APARTMENT,"FMR, LLC",6478165,3/30/21,0.0566,935187899,3,MAA-3,144.36
MAA,APARTMENT,JP Morgan Chase & Company,4370269,3/30/21,0.0382,630892032,4,MAA-4,144.36
MAA,APARTMENT,Apg Asset Management Us Inc.,4083000,3/30/21,0.0357,589421880,5,MAA-5,144.36
MAA,APARTMENT,Capital World Investors,3075339,3/30/21,0.0269,443955938,6,MAA-6,144.36
MAA,APARTMENT,Cohen & Steers Inc.,2315103,3/30/21,0.0202,334208269,7,MAA-7,144.36
MAA,APARTMENT,"Geode Capital Management, LLC",2301033,3/30/21,0.0201,332177123,8,MAA-8,144.36
MAA,APARTMENT,Northern Trust Corporation,2062573,3/30/21,0.018,297753038,9,MAA-9,144.36
UDR,APARTMENT,"Vanguard Group, Inc.",46873687,3/30/21,0.1579,2055879911,0,UDR-0,43.86
UDR,APARTMENT,Cohen & Steers Inc.,41215391,3/30/21,0.1388,1807707049,1,UDR-1,43.86
UDR,APARTMENT,Blackrock Inc.,32623630,3/30/21,0.1099,1430872411,2,UDR-2,43.86
UDR,APARTMENT,State Street Corporation,16591084,3/30/21,0.0559,727684944,3,UDR-3,43.86
UDR,APARTMENT,Invesco Ltd.,13494012,3/30/21,0.0455,591847366,4,UDR-4,43.86
UDR,APARTMENT,JP Morgan Chase & Company,10809520,3/30/21,0.0364,474105547,5,UDR-5,43.86
UDR,APARTMENT,"FMR, LLC",10171569,3/30/21,0.0343,446125016,6,UDR-6,43.86
UDR,APARTMENT,Daiwa Securities Group Inc.,9804512,3/30/21,0.033,430025896,7,UDR-7,43.86
UDR,APARTMENT,"Geode Capital Management, LLC",5693031,3/30/21,0.0192,249696339,8,UDR-8,43.86
UDR,APARTMENT,CenterSquare Investment Management LLC,5287053,3/30/21,0.0178,231890144,9,UDR-9,43.86
CPT,APARTMENT,"Vanguard Group, Inc.",13917500,3/30/21,0.1425,1529672425,0,CPT-0,109.91
CPT,APARTMENT,Blackrock Inc.,11865070,3/30/21,0.1215,1304089843,1,CPT-1,109.91
CPT,APARTMENT,State Street Corporation,4913216,3/30/21,0.0503,540011570,2,CPT-2,109.91
CPT,APARTMENT,JP Morgan Chase & Company,3385889,3/30/21,0.0347,372143059,3,CPT-3,109.91
CPT,APARTMENT,Price (T.Rowe) Associates Inc,2825817,3/30/21,0.0289,310585546,4,CPT-4,109.91
CPT,APARTMENT,Capital World Investors,2580285,3/30/21,0.0264,283599124,5,CPT-5,109.91
CPT,APARTMENT,"Wellington Management Group, LLP",1967288,3/30/21,0.0201,216224624,6,CPT-6,109.91
CPT,APARTMENT,"Principal Financial Group, Inc.",1729690,3/30/21,0.0177,190110227,7,CPT-7,109.91
CPT,APARTMENT,"Long Pond Capital, LP",1664620,3/30/21,0.017,182958384,8,CPT-8,109.91
CPT,APARTMENT,Dimensional Fund Advisors LP,1532837,3/30/21,0.0157,168474114,9,CPT-9,109.91
AIV,APARTMENT,"Vanguard Group, Inc.",22198697,3/30/21,0.1479,136299999,0,AIV-0,6.14
AIV,APARTMENT,Price (T.Rowe) Associates Inc,21808022,3/30/21,0.1453,133901255,1,AIV-1,6.14
AIV,APARTMENT,Blackrock Inc.,13621950,3/30/21,0.0908,83638773,2,AIV-2,6.14
AIV,APARTMENT,"Sessa Capital IM, L.P.",6207814,3/30/21,0.0414,38115977,3,AIV-3,6.14
AIV,APARTMENT,"Long Pond Capital, LP",5961627,3/30/21,0.0397,36604389,4,AIV-4,6.14
AIV,APARTMENT,State Street Corporation,5440565,3/30/21,0.0363,33405069,5,AIV-5,6.14
AIV,APARTMENT,"Arrowstreet Capital, Limited Partnership",4201668,3/30/21,0.028,25798241,6,AIV-6,6.14
AIV,APARTMENT,Lazard Asset Management LLC,3308486,3/30/21,0.022,20314104,7,AIV-7,6.14
AIV,APARTMENT,Dimensional Fund Advisors LP,2367633,3/30/21,0.0158,14537266,8,AIV-8,6.14
AIV,APARTMENT,Millennium Management LLC,2343656,3/30/21,0.0156,14390047,9,AIV-9,6.14
BRG,APARTMENT,"AllianceBernstein, L.P.",1956891,3/30/21,0.0694,19784168,0,BRG-0,10.11
BRG,APARTMENT,Blackrock Inc.,1827007,3/30/21,0.0648,18471040,1,BRG-1,10.11
BRG,APARTMENT,"Vanguard Group, Inc.",1246464,3/30/21,0.0442,12601751,2,BRG-2,10.11
BRG,APARTMENT,Invesco Ltd.,943965,3/30/21,0.0335,9543486,3,BRG-3,10.11
BRG,APARTMENT,"Renaissance Technologies, LLC",550442,3/30/21,0.0195,5564968,4,BRG-4,10.11
BRG,APARTMENT,State Street Corporation,413189,3/30/21,0.0146,4177340,5,BRG-5,10.11
BRG,APARTMENT,"Geode Capital Management, LLC",395070,3/30/21,0.014,3994157,6,BRG-6,10.11
BRG,APARTMENT,Dimensional Fund Advisors LP,383705,3/30/21,0.0136,3879257,7,BRG-7,10.11
BRG,APARTMENT,"Kennedy Capital Management, Inc.",342974,3/30/21,0.0122,3467467,8,BRG-8,10.11
BRG,APARTMENT,Nuveen Asset Management,319724,3/30/21,0.0113,3232409,9,BRG-9,10.11
BXP,OFFICE,"Vanguard Group, Inc.",22639390,3/30/21,0.1451,2292464631,0,BXP-0,101.26
BXP,OFFICE,Blackrock Inc.,15992770,3/30/21,0.1025,1619427890,1,BXP-1,101.26
BXP,OFFICE,Norges Bank Investment Management,13037554,12/30/20,0.0835,1232439979,2,BXP-2,94.53
BXP,OFFICE,State Street Corporation,9110905,3/30/21,0.0584,922570240,3,BXP-3,101.26
BXP,OFFICE,TCI Fund Management Ltd,8753638,3/30/21,0.0561,886393383,4,BXP-4,101.26
BXP,OFFICE,Apg Asset Management Us Inc.,6292792,3/30/21,0.0403,637208117,5,BXP-5,101.26
BXP,OFFICE,JP Morgan Chase & Company,6168153,3/30/21,0.0395,624587172,6,BXP-6,101.26
BXP,OFFICE,Putnam Investments LLC,3548903,3/30/21,0.0227,359361917,7,BXP-7,101.26
BXP,OFFICE,"Geode Capital Management, LLC",2781378,3/30/21,0.0178,281642336,8,BXP-8,101.26
BXP,OFFICE,Northern Trust Corporation,2675288,3/30/21,0.0171,270899662,9,BXP-9,101.26
VNO,OFFICE,"Vanguard Group, Inc.",26931278,3/30/21,0.1407,1222410708,0,VNO-0,45.39
VNO,OFFICE,Norges Bank Investment Management,18082373,12/30/20,0.0944,675195807,1,VNO-1,37.34
VNO,OFFICE,Blackrock Inc.,15913308,3/30/21,0.0831,722305050,2,VNO-2,45.39
VNO,OFFICE,State Street Corporation,10369557,3/30/21,0.0542,470674192,3,VNO-3,45.39
VNO,OFFICE,JP Morgan Chase & Company,5254656,3/30/21,0.0274,238508835,4,VNO-4,45.39
VNO,OFFICE,Invesco Ltd.,4003770,3/30/21,0.0209,181731120,5,VNO-5,45.39
VNO,OFFICE,"Geode Capital Management, LLC",3298795,3/30/21,0.0172,149732305,6,VNO-6,45.39
VNO,OFFICE,Dimensional Fund Advisors LP,3063047,3/30/21,0.016,139031703,7,VNO-7,45.39
VNO,OFFICE,"Franklin Resources, Inc.",3044997,3/30/21,0.0159,138212413,8,VNO-8,45.39
VNO,OFFICE,Northern Trust Corporation,2875533,3/30/21,0.015,130520442,9,VNO-9,45.39
KRC,OFFICE,"Vanguard Group, Inc.",15911654,3/30/21,0.1366,1044281852,0,KRC-0,65.63
KRC,OFFICE,Blackrock Inc.,14178331,3/30/21,0.1218,930523863,1,KRC-1,65.63
KRC,OFFICE,Norges Bank Investment Management,9057009,12/30/20,0.0778,519872316,2,KRC-2,57.4
KRC,OFFICE,Resolution Capital Ltd,5384720,3/30/21,0.0462,353399173,3,KRC-3,65.63
KRC,OFFICE,Apg Asset Management Us Inc.,4924200,3/30/21,0.0423,323175246,4,KRC-4,65.63
KRC,OFFICE,State Street Corporation,4742629,3/30/21,0.0407,311258741,5,KRC-5,65.63
KRC,OFFICE,"Principal Financial Group, Inc.",3683994,3/30/21,0.0316,241780526,6,KRC-6,65.63
KRC,OFFICE,Blackstone Group Inc.,2832470,3/30/21,0.0243,185895006,7,KRC-7,65.63
KRC,OFFICE,JP Morgan Chase & Company,2208741,3/30/21,0.019,144959671,8,KRC-8,65.63
KRC,OFFICE,Cohen & Steers Inc.,2194669,3/30/21,0.0188,144036126,9,KRC-9,65.63
DEI,OFFICE,"Vanguard Group, Inc.",24363224,3/30/21,0.1388,765005233,0,DEI-0,31.4
DEI,OFFICE,Blackrock Inc.,19188755,3/30/21,0.1094,602526907,1,DEI-1,31.4
DEI,OFFICE,"FMR, LLC",12999941,3/30/21,0.0741,408198147,2,DEI-2,31.4
DEI,OFFICE,"Wellington Management Group, LLP",8398933,3/30/21,0.0479,263726496,3,DEI-3,31.4
DEI,OFFICE,State Street Corporation,7282530,3/30/21,0.0415,228671442,4,DEI-4,31.4
DEI,OFFICE,BAMCO Inc.,6983097,3/30/21,0.0398,219269245,5,DEI-5,31.4
DEI,OFFICE,"First Eagle Investment Management, LLC",6910221,3/30/21,0.0394,216980939,6,DEI-6,31.4
DEI,OFFICE,Norges Bank Investment Management,5904763,12/30/20,0.0337,172300984,7,DEI-7,29.18
DEI,OFFICE,Capital World Investors,4750000,3/30/21,0.0271,149150000,8,DEI-8,31.4
DEI,OFFICE,JP Morgan Chase & Company,4524107,3/30/21,0.0258,142056959,9,DEI-9,31.4
JBGS,OFFICE,"Vanguard Group, Inc.",17357446,3/30/21,0.132,551793208,0,JBGS-0,31.79
JBGS,OFFICE,Blackrock Inc.,13723733,3/30/21,0.1044,436277472,1,JBGS-1,31.79
JBGS,OFFICE,Norges Bank Investment Management,11714255,12/30/20,0.0891,366304753,2,JBGS-2,31.27
JBGS,OFFICE,Price (T.Rowe) Associates Inc,8968966,3/30/21,0.0682,285123429,3,JBGS-3,31.79
JBGS,OFFICE,Apg Asset Management Us Inc.,7219500,3/30/21,0.0549,229507905,4,JBGS-4,31.79
JBGS,OFFICE,JP Morgan Chase & Company,5071120,3/30/21,0.0386,161210904,5,JBGS-5,31.79
JBGS,OFFICE,State Street Corporation,5036427,3/30/21,0.0383,160108014,6,JBGS-6,31.79
JBGS,OFFICE,CenterSquare Investment Management LLC,4454202,3/30/21,0.0339,141599081,7,JBGS-7,31.79
JBGS,OFFICE,"Wellington Management Group, LLP",3871619,3/30/21,0.0294,123078768,8,JBGS-8,31.79
JBGS,OFFICE,"V3 Capital Management, L.P.",3218091,3/30/21,0.0245,102303112,9,JBGS-9,31.79
CUZ,OFFICE,"Vanguard Group, Inc.",21213838,3/30/21,0.1427,749909173,0,CUZ-0,35.35
CUZ,OFFICE,Blackrock Inc.,18976826,3/30/21,0.1277,670830799,1,CUZ-1,35.35
CUZ,OFFICE,"Principal Financial Group, Inc.",10073658,3/30/21,0.0678,356103810,2,CUZ-2,35.35
CUZ,OFFICE,State Street Corporation,6423417,3/30/21,0.0432,227067790,3,CUZ-3,35.35
CUZ,OFFICE,JP Morgan Chase & Company,6406513,3/30/21,0.0431,226470234,4,CUZ-4,35.35
CUZ,OFFICE,Boston Partners,5588702,3/30/21,0.0376,197560615,5,CUZ-5,35.35
CUZ,OFFICE,CenterSquare Investment Management LLC,4998683,3/30/21,0.0336,176703444,6,CUZ-6,35.35
CUZ,OFFICE,"AllianceBernstein, L.P.",4375811,3/30/21,0.0294,154684918,7,CUZ-7,35.35
CUZ,OFFICE,Apg Asset Management Us Inc.,3619500,3/30/21,0.0243,127949325,8,CUZ-8,35.35
CUZ,OFFICE,Dimensional Fund Advisors LP,2837720,3/30/21,0.0191,100313402,9,CUZ-9,35.35
HPP,OFFICE,"Vanguard Group, Inc.",21703313,3/30/21,0.1438,588810881,0,HPP-0,27.13
HPP,OFFICE,Blackrock Inc.,18368988,3/30/21,0.1217,498350644,1,HPP-1,27.13
HPP,OFFICE,PGGM Investments,10899972,3/30/21,0.0722,295716240,2,HPP-2,27.13
HPP,OFFICE,State Street Corporation,6610114,3/30/21,0.0438,179332392,3,HPP-3,27.13
HPP,OFFICE,Norges Bank Investment Management,6170704,12/30/20,0.0409,148220310,4,HPP-4,24.02
HPP,OFFICE,Canada Pension Plan Investment Board,4319601,3/30/21,0.0286,117190775,5,HPP-5,27.13
HPP,OFFICE,"Goldman Sachs Group, Inc.",4048290,3/30/21,0.0268,109830107,6,HPP-6,27.13
HPP,OFFICE,Blackstone Group Inc.,3797100,3/30/21,0.0252,103015323,7,HPP-7,27.13
HPP,OFFICE,Dimensional Fund Advisors LP,2905419,3/30/21,0.0192,78824017,8,HPP-8,27.13
HPP,OFFICE,Cbre Clarion Securities LLC,2791864,3/30/21,0.0185,75743270,9,HPP-9,27.13
SLG,OFFICE,"Vanguard Group, Inc.",10378996,3/30/21,0.1497,726425930,0,SLG-0,69.99
SLG,OFFICE,Blackrock Inc.,8143758,3/30/21,0.1174,569981622,1,SLG-1,69.99
SLG,OFFICE,PGGM Investments,3665858,3/30/21,0.0529,256573401,2,SLG-2,69.99
SLG,OFFICE,State Street Corporation,3216884,3/30/21,0.0464,225149711,3,SLG-3,69.99
SLG,OFFICE,Deutsche Bank Aktiengesellschaft,2682816,3/30/21,0.0387,187770291,4,SLG-4,69.99
SLG,OFFICE,Price (T.Rowe) Associates Inc,2593513,3/30/21,0.0374,181519974,5,SLG-5,69.99
SLG,OFFICE,Dimensional Fund Advisors LP,1356189,3/30/21,0.0196,94919668,6,SLG-6,69.99
SLG,OFFICE,Norges Bank Investment Management,1247185,12/30/20,0.018,76475568,7,SLG-7,61.32
SLG,OFFICE,Confluence Investment Management Llc,1205213,3/30/21,0.0174,84352857,8,SLG-8,69.99
SLG,OFFICE,Nuveen Asset Management,1199250,3/30/21,0.0173,83935507,9,SLG-9,69.99
HIW,OFFICE,"Vanguard Group, Inc.",14831065,3/30/21,0.1425,636845931,0,HIW-0,42.94
HIW,OFFICE,Blackrock Inc.,11872120,3/30/21,0.1141,509788832,1,HIW-1,42.94
HIW,OFFICE,Cohen & Steers Inc.,7649433,3/30/21,0.0735,328466653,2,HIW-2,42.94
HIW,OFFICE,"FMR, LLC",5826528,3/30/21,0.056,250191112,3,HIW-3,42.94
HIW,OFFICE,Victory Capital Management Inc.,5157778,3/30/21,0.0496,221474987,4,HIW-4,42.94
HIW,OFFICE,State Street Corporation,4874606,3/30/21,0.0468,209315581,5,HIW-5,42.94
HIW,OFFICE,"Goldman Sachs Group, Inc.",4042083,3/30/21,0.0388,173567044,6,HIW-6,42.94
HIW,OFFICE,Invesco Ltd.,2545274,3/30/21,0.0245,109294065,7,HIW-7,42.94
HIW,OFFICE,Dimensional Fund Advisors LP,1931534,3/30/21,0.0186,82940069,8,HIW-8,42.94
HIW,OFFICE,Brookfield Asset Management Inc.,1791305,3/30/21,0.0172,76918636,9,HIW-9,42.94
OFC,OFFICE,"Vanguard Group, Inc.",15957034,3/30/21,0.1421,420148705,0,OFC-0,26.33
OFC,OFFICE,Blackrock Inc.,12774891,3/30/21,0.1137,336362880,1,OFC-1,26.33
OFC,OFFICE,"FMR, LLC",5956744,3/30/21,0.053,156841069,2,OFC-2,26.33
OFC,OFFICE,Earnest Partners LLC,5583084,3/30/21,0.0497,147002601,3,OFC-3,26.33
OFC,OFFICE,"Barrow, Hanley Mewhinney & Strauss, LLC",5218688,3/30/21,0.0465,137408055,4,OFC-4,26.33
OFC,OFFICE,State Street Corporation,4902577,3/30/21,0.0436,129084852,5,OFC-5,26.33
OFC,OFFICE,Victory Capital Management Inc.,2710451,3/30/21,0.0241,71366174,6,OFC-6,26.33
OFC,OFFICE,Bank of America Corporation,2289638,3/30/21,0.0204,60286168,7,OFC-7,26.33
OFC,OFFICE,Dimensional Fund Advisors LP,2104772,3/30/21,0.0187,55418646,8,OFC-8,26.33
OFC,OFFICE,Northern Trust Corporation,1847390,3/30/21,0.0164,48641778,9,OFC-9,26.33
PGRE,OFFICE,"Vanguard Group, Inc.",25628367,3/30/21,0.1171,259615357,0,PGRE-0,10.13
PGRE,OFFICE,Norges Bank Investment Management,19882031,12/30/20,0.0908,179733560,1,PGRE-1,9.04
PGRE,OFFICE,Blackrock Inc.,12956130,3/30/21,0.0592,131245596,2,PGRE-2,10.13
PGRE,OFFICE,Ronit Capital LLP,6275000,3/30/21,0.0287,63565750,3,PGRE-3,10.13
PGRE,OFFICE,State Street Corporation,6210500,3/30/21,0.0284,62912365,4,PGRE-4,10.13
PGRE,OFFICE,Presima Inc.,3624400,3/30/21,0.0166,36715172,5,PGRE-5,10.13
PGRE,OFFICE,Dimensional Fund Advisors LP,3527002,3/30/21,0.0161,35728530,6,PGRE-6,10.13
PGRE,OFFICE,"Arrowstreet Capital, Limited Partnership",3150058,3/30/21,0.0144,31910087,7,PGRE-7,10.13
PGRE,OFFICE,Legal & General Group PLC,2793576,3/30/21,0.0128,28298924,8,PGRE-8,10.13
PGRE,OFFICE,Morgan Stanley,2526901,3/30/21,0.0115,25597507,9,PGRE-9,10.13
PDM,OFFICE,"Vanguard Group, Inc.",18278537,3/30/21,0.1474,317498187,0,PDM-0,17.37
PDM,OFFICE,Blackrock Inc.,12777724,3/30/21,0.103,221949065,1,PDM-1,17.37
PDM,OFFICE,Lsv Asset Management,5425415,3/30/21,0.0437,94239458,2,PDM-2,17.37
PDM,OFFICE,State Street Corporation,4970523,3/30/21,0.0401,86337984,3,PDM-3,17.37
PDM,OFFICE,"FMR, LLC",4555343,3/30/21,0.0367,79126307,4,PDM-4,17.37
PDM,OFFICE,Cbre Clarion Securities LLC,3810734,3/30/21,0.0307,66192449,5,PDM-5,17.37
PDM,OFFICE,"Wellington Management Group, LLP",3279760,3/30/21,0.0264,56969431,6,PDM-6,17.37
PDM,OFFICE,Dimensional Fund Advisors LP,2427980,3/30/21,0.0196,42174012,7,PDM-7,17.37
PDM,OFFICE,Northern Trust Corporation,2413632,3/30/21,0.0195,41924787,8,PDM-8,17.37
PDM,OFFICE,"Weiss Multi-Strategy Advisers, LLC",2344811,3/30/21,0.0189,40729367,9,PDM-9,17.37
WRE,OFFICE,Blackrock Inc.,15846697,3/30/21,0.1874,350212003,0,WRE-0,22.1
WRE,OFFICE,"Vanguard Group, Inc.",13010699,3/30/21,0.1538,287536447,1,WRE-1,22.1
WRE,OFFICE,"FMR, LLC",5564139,3/30/21,0.0658,122967471,2,WRE-2,22.1
WRE,OFFICE,State Street Corporation,4329778,3/30/21,0.0512,95688093,3,WRE-3,22.1
WRE,OFFICE,Thornburg Investment Management Inc.,3064661,3/30/21,0.0362,67729008,4,WRE-4,22.1
WRE,OFFICE,Schroder Investment Management Group,2489297,3/30/21,0.0294,55013463,5,WRE-5,22.1
WRE,OFFICE,Victory Capital Management Inc.,2488222,3/30/21,0.0294,54989706,6,WRE-6,22.1
WRE,OFFICE,Wells Fargo & Company,2138872,3/30/21,0.0253,47269071,7,WRE-7,22.1
WRE,OFFICE,"Renaissance Technologies, LLC",2121600,3/30/21,0.0251,46887360,8,WRE-8,22.1
WRE,OFFICE,Northern Trust Corporation,1866900,3/30/21,0.0221,41258490,9,WRE-9,22.1
ESRT,OFFICE,"Vanguard Group, Inc.",22292665,3/30/21,0.1297,248117361,0,ESRT-0,11.13
ESRT,OFFICE,Massachusetts Financial Services Co.,13075785,3/30/21,0.0761,145533487,1,ESRT-1,11.13
ESRT,OFFICE,Southeastern Asset Management Inc/tn/,12778058,3/30/21,0.0743,142219785,2,ESRT-2,11.13
ESRT,OFFICE,Blackrock Inc.,10448406,3/30/21,0.0608,116290758,3,ESRT-3,11.13
ESRT,OFFICE,Deutsche Bank Aktiengesellschaft,10439132,3/30/21,0.0607,116187539,4,ESRT-4,11.13
ESRT,OFFICE,State Street Corporation,4848371,3/30/21,0.0282,53962369,5,ESRT-5,11.13
ESRT,OFFICE,Credit Suisse AG,4502114,3/30/21,0.0262,50108528,6,ESRT-6,11.13
ESRT,OFFICE,Equity Investment Corp,4151773,3/30/21,0.0241,46209233,7,ESRT-7,11.13
ESRT,OFFICE,Morgan Stanley,3689104,3/30/21,0.0215,41059727,8,ESRT-8,11.13
ESRT,OFFICE,"AEW Capital Management, LP",3335000,3/30/21,0.0194,37118550,9,ESRT-9,11.13
BDN,OFFICE,"Vanguard Group, Inc.",27836888,3/30/21,0.1629,359374224,0,BDN-0,12.91
BDN,OFFICE,Blackrock Inc.,27336053,3/30/21,0.16,352908444,1,BDN-1,12.91
BDN,OFFICE,State Street Corporation,9420738,3/30/21,0.0551,121621727,2,BDN-2,12.91
BDN,OFFICE,Invesco Ltd.,8788619,3/30/21,0.0514,113461071,3,BDN-3,12.91
BDN,OFFICE,Macquarie Group Limited,7434589,3/30/21,0.0435,95980543,4,BDN-4,12.91
BDN,OFFICE,JP Morgan Chase & Company,7233781,3/30/21,0.0423,93388112,5,BDN-5,12.91
BDN,OFFICE,"Principal Financial Group, Inc.",6829894,3/30/21,0.04,88173931,6,BDN-6,12.91
BDN,OFFICE,Lsv Asset Management,5907053,3/30/21,0.0346,76260054,7,BDN-7,12.91
BDN,OFFICE,"American Century Companies, Inc.",5293633,3/30/21,0.031,68340802,8,BDN-8,12.91
BDN,OFFICE,"FMR, LLC",5037182,3/30/21,0.0295,65030019,9,BDN-9,12.91
CLI,OFFICE,Blackrock Inc.,16200015,3/30/21,0.1786,250776232,0,CLI-0,15.48
CLI,OFFICE,"Vanguard Group, Inc.",13265183,3/30/21,0.1462,205345032,1,CLI-1,15.48
CLI,OFFICE,"Madison International Realty Holdings, LLC",6409183,3/30/21,0.0706,99214152,2,CLI-2,15.48
CLI,OFFICE,State Street Corporation,4510255,3/30/21,0.0497,69818747,3,CLI-3,15.48
CLI,OFFICE,"FMR, LLC",4112463,3/30/21,0.0453,63660927,4,CLI-4,15.48
CLI,OFFICE,"H/2 Credit Manager, LP",3547314,3/30/21,0.0391,54912420,5,CLI-5,15.48
CLI,OFFICE,Nomura Holdings Inc.,3459810,3/30/21,0.0381,53557858,6,CLI-6,15.48
CLI,OFFICE,Dimensional Fund Advisors LP,1768995,3/30/21,0.0195,27384042,7,CLI-7,15.48
CLI,OFFICE,"Geode Capital Management, LLC",1651960,3/30/21,0.0182,25572340,8,CLI-8,15.48
CLI,OFFICE,Victory Capital Management Inc.,1472399,3/30/21,0.0162,22792736,9,CLI-9,15.48
HST,LODGING,"Vanguard Group, Inc.",112188070,3/30/21,0.1591,1890368979,0,HST-0,16.85
HST,LODGING,Blackrock Inc.,79232476,3/30/21,0.1123,1335067220,1,HST-1,16.85
HST,LODGING,Cohen & Steers Inc.,72797619,3/30/21,0.1032,1226639880,2,HST-2,16.85
HST,LODGING,State Street Corporation,41401078,3/30/21,0.0587,697608164,3,HST-3,16.85
HST,LODGING,Daiwa Securities Group Inc.,20267540,3/30/21,0.0287,341508049,4,HST-4,16.85
HST,LODGING,Invesco Ltd.,19628429,3/30/21,0.0278,330739028,5,HST-5,16.85
HST,LODGING,JP Morgan Chase & Company,17998912,3/30/21,0.0255,303281667,6,HST-6,16.85
HST,LODGING,"Geode Capital Management, LLC",15132328,3/30/21,0.0215,254979726,7,HST-7,16.85
HST,LODGING,Northern Trust Corporation,12158286,3/30/21,0.0172,204867119,8,HST-8,16.85
HST,LODGING,"Wellington Management Group, LLP",11826851,3/30/21,0.0168,199282439,9,HST-9,16.85
RHP,LODGING,"Vanguard Group, Inc.",7453595,3/30/21,0.1354,577728148,0,RHP-0,77.51
RHP,LODGING,Blackrock Inc.,5107236,3/30/21,0.0928,395861862,1,RHP-1,77.51
RHP,LODGING,"Wellington Management Group, LLP",3115123,3/30/21,0.0566,241453183,2,RHP-2,77.51
RHP,LODGING,State Street Corporation,2049996,3/30/21,0.0372,158895189,3,RHP-3,77.51
RHP,LODGING,Gamco Investors Inc,1471445,3/30/21,0.0267,114051701,4,RHP-4,77.51
RHP,LODGING,Invesco Ltd.,1352115,3/30/21,0.0246,104802433,5,RHP-5,77.51
RHP,LODGING,JP Morgan Chase & Company,1322752,3/30/21,0.024,102526507,6,RHP-6,77.51
RHP,LODGING,"Federated Hermes, Inc.",1278219,3/30/21,0.0232,99074754,7,RHP-7,77.51
RHP,LODGING,Deutsche Bank Aktiengesellschaft,1021515,3/30/21,0.0186,79177627,8,RHP-8,77.51
RHP,LODGING,"Geode Capital Management, LLC",992213,3/30/21,0.018,76906429,9,RHP-9,77.51
PK,LODGING,"Vanguard Group, Inc.",33258869,3/30/21,0.1406,717726393,0,PK-0,21.58
PK,LODGING,Blackrock Inc.,27589748,3/30/21,0.1167,595386761,1,PK-1,21.58
PK,LODGING,PGGM Investments,19743526,3/30/21,0.0835,426065291,2,PK-2,21.58
PK,LODGING,Cohen & Steers Inc.,12172465,3/30/21,0.0515,262681794,3,PK-3,21.58
PK,LODGING,State Street Corporation,10618034,3/30/21,0.0449,229137173,4,PK-4,21.58
PK,LODGING,"Principal Financial Group, Inc.",7753715,3/30/21,0.0328,167325169,5,PK-5,21.58
PK,LODGING,Deutsche Bank Aktiengesellschaft,7173576,3/30/21,0.0303,154805770,6,PK-6,21.58
PK,LODGING,Capital International Investors,6444877,3/30/21,0.0273,139080445,7,PK-7,21.58
PK,LODGING,"Goldman Sachs Group, Inc.",4638704,3/30/21,0.0196,100103232,8,PK-8,21.58
PK,LODGING,JP Morgan Chase & Company,4401392,3/30/21,0.0186,94982039,9,PK-9,21.58
APLE,LODGING,"Vanguard Group, Inc.",29717361,3/30/21,0.1329,432981949,0,APLE-0,14.57
APLE,LODGING,Blackrock Inc.,16036302,3/30/21,0.0717,233648920,1,APLE-1,14.57
APLE,LODGING,Invesco Ltd.,9531040,3/30/21,0.0426,138867252,2,APLE-2,14.57
APLE,LODGING,Price (T.Rowe) Associates Inc,8182617,3/30/21,0.0366,119220729,3,APLE-3,14.57
APLE,LODGING,State Street Corporation,6833879,3/30/21,0.0306,99569617,4,APLE-4,14.57
APLE,LODGING,Deutsche Bank Aktiengesellschaft,5688869,3/30/21,0.0254,82886821,5,APLE-5,14.57
APLE,LODGING,"Monarch Alternative Capital, LP",5284900,3/30/21,0.0236,77000993,6,APLE-6,14.57
APLE,LODGING,"Russell Investments Group, Ltd.",4914968,3/30/21,0.022,71611083,7,APLE-7,14.57
APLE,LODGING,"Principal Financial Group, Inc.",4593838,3/30/21,0.0205,66932219,8,APLE-8,14.57
APLE,LODGING,"Geode Capital Management, LLC",3959383,3/30/21,0.0177,57688210,9,APLE-9,14.57
SHO,LODGING,"Vanguard Group, Inc.",30933006,3/30/21,0.1431,385425254,0,SHO-0,12.46
SHO,LODGING,Blackrock Inc.,23237794,3/30/21,0.1075,289542913,1,SHO-1,12.46
SHO,LODGING,Price (T.Rowe) Associates Inc,12915610,3/30/21,0.0597,160928500,2,SHO-2,12.46
SHO,LODGING,Invesco Ltd.,9805707,3/30/21,0.0453,122179109,3,SHO-3,12.46
SHO,LODGING,State Street Corporation,8336676,3/30/21,0.0386,103874982,4,SHO-4,12.46
SHO,LODGING,Victory Capital Management Inc.,7813024,3/30/21,0.0361,97350279,5,SHO-5,12.46
SHO,LODGING,"Vaughan Nelson Investment Management, L.P.",7288225,3/30/21,0.0337,90811283,6,SHO-6,12.46
SHO,LODGING,Janus Henderson Group PLC,7200656,3/30/21,0.0333,89720173,7,SHO-7,12.46
SHO,LODGING,JP Morgan Chase & Company,6694679,3/30/21,0.031,83415700,8,SHO-8,12.46
SHO,LODGING,"Sumitomo Mitsui Trust Holdings, Inc.",5498805,3/30/21,0.0254,68515110,9,SHO-9,12.46
PEB,LODGING,Blackrock Inc.,20199910,3/30/21,0.1537,490655813,0,PEB-0,24.29
PEB,LODGING,"Vanguard Group, Inc.",19095264,3/30/21,0.1453,463823962,1,PEB-1,24.29
PEB,LODGING,"Wellington Management Group, LLP",7173665,3/30/21,0.0546,174248322,2,PEB-2,24.29
PEB,LODGING,State Street Corporation,6571970,3/30/21,0.05,159633151,3,PEB-3,24.29
PEB,LODGING,Earnest Partners LLC,6438181,3/30/21,0.049,156383416,4,PEB-4,24.29
PEB,LODGING,Capital International Investors,6229246,3/30/21,0.0474,151308385,5,PEB-5,24.29
PEB,LODGING,Price (T.Rowe) Associates Inc,5972980,3/30/21,0.0455,145083684,6,PEB-6,24.29
PEB,LODGING,"Goldman Sachs Group, Inc.",5590262,3/30/21,0.0425,135787463,7,PEB-7,24.29
PEB,LODGING,JP Morgan Chase & Company,3799968,3/30/21,0.0289,92301222,8,PEB-8,24.29
PEB,LODGING,"Silvercrest Asset Management Group, LLC",3673478,3/30/21,0.028,89228780,9,PEB-9,24.29
RLJ,LODGING,"Vanguard Group, Inc.",23617521,3/30/21,0.1432,365599225,0,RLJ-0,15.48
RLJ,LODGING,"FMR, LLC",22657667,3/30/21,0.1374,350740685,1,RLJ-1,15.48
RLJ,LODGING,Blackrock Inc.,19096223,3/30/21,0.1158,295609532,2,RLJ-2,15.48
RLJ,LODGING,"AllianceBernstein, L.P.",10182805,3/30/21,0.0617,157629821,3,RLJ-3,15.48
RLJ,LODGING,Invesco Ltd.,7513404,3/30/21,0.0456,116307493,4,RLJ-4,15.48
RLJ,LODGING,State Street Corporation,6313697,3/30/21,0.0383,97736029,5,RLJ-5,15.48
RLJ,LODGING,"Goldman Sachs Group, Inc.",5964902,3/30/21,0.0362,92336682,6,RLJ-6,15.48
RLJ,LODGING,"H/2 Credit Manager, LP",5875000,3/30/21,0.0356,90945000,7,RLJ-7,15.48
RLJ,LODGING,"Geode Capital Management, LLC",3463999,3/30/21,0.021,53622704,8,RLJ-8,15.48
RLJ,LODGING,Northern Trust Corporation,3425050,3/30/21,0.0208,53019774,9,RLJ-9,15.48
XHR,LODGING,Blackrock Inc.,21528266,12/30/20,0.1892,327229643,0,XHR-0,15.2
XHR,LODGING,"Vanguard Group, Inc.",17844149,12/30/20,0.1568,271231064,1,XHR-1,15.2
XHR,LODGING,"Wellington Management Group, LLP",11123648,12/30/20,0.0977,169079449,2,XHR-2,15.2
XHR,LODGING,State Street Corporation,5756266,12/30/20,0.0506,87495243,3,XHR-3,15.2
XHR,LODGING,Invesco Ltd.,4202340,12/30/20,0.0369,63875568,4,XHR-4,15.2
XHR,LODGING,"Geode Capital Management, LLC",2151620,12/30/20,0.0189,32704624,5,XHR-5,15.2
XHR,LODGING,Northern Trust Corporation,1990538,12/30/20,0.0175,30256177,6,XHR-6,15.2
XHR,LODGING,JP Morgan Chase & Company,1977864,12/30/20,0.0174,30063532,7,XHR-7,15.2
XHR,LODGING,"Charles Schwab Investment Management, Inc.",1853234,12/30/20,0.0163,28169156,8,XHR-8,15.2
XHR,LODGING,Dimensional Fund Advisors LP,1718306,12/30/20,0.0151,26118251,9,XHR-9,15.2
DRH,LODGING,Blackrock Inc.,41412848,3/30/21,0.197,426552334,0,DRH-0,10.3
DRH,LODGING,"Vanguard Group, Inc.",32313842,3/30/21,0.1537,332832572,1,DRH-1,10.3
DRH,LODGING,Invesco Ltd.,14472362,3/30/21,0.0688,149065328,2,DRH-2,10.3
DRH,LODGING,Cohen & Steers Inc.,12483822,3/30/21,0.0594,128583366,3,DRH-3,10.3
DRH,LODGING,State Street Corporation,10698467,3/30/21,0.0509,110194210,4,DRH-4,10.3
DRH,LODGING,"FMR, LLC",10500532,3/30/21,0.0499,108155479,5,DRH-5,10.3
DRH,LODGING,JP Morgan Chase & Company,10492918,3/30/21,0.0499,108077055,6,DRH-6,10.3
DRH,LODGING,"Principal Financial Group, Inc.",5326813,3/30/21,0.0253,54866173,7,DRH-7,10.3
DRH,LODGING,Pzena Investment Management Llc,4067607,3/30/21,0.0193,41896352,8,DRH-8,10.3
DRH,LODGING,Northern Trust Corporation,4046865,3/30/21,0.0192,41682709,9,DRH-9,10.3
INN,LODGING,Blackrock Inc.,19882051,3/30/21,0.1874,202001638,0,INN-0,10.16
INN,LODGING,"Vanguard Group, Inc.",14670792,3/30/21,0.1382,149055246,1,INN-1,10.16
INN,LODGING,State Street Corporation,5609309,3/30/21,0.0529,56990579,2,INN-2,10.16
INN,LODGING,Macquarie Group Limited,4819223,3/30/21,0.0454,48963305,3,INN-3,10.16
INN,LODGING,"GW&K Investment Management, LLC",3303531,3/30/21,0.0311,33563874,4,INN-4,10.16
INN,LODGING,Nuveen Asset Management,3286754,3/30/21,0.031,33393420,5,INN-5,10.16
INN,LODGING,Westwood Holdings Group Inc.,2681964,3/30/21,0.0253,27248754,6,INN-6,10.16
INN,LODGING,"Geode Capital Management, LLC",2070692,3/30/21,0.0195,21038230,7,INN-7,10.16
INN,LODGING,Jennison Associates LLC,2044409,3/30/21,0.0193,20771195,8,INN-8,10.16
INN,LODGING,Price (T.Rowe) Associates Inc,1929475,3/30/21,0.0182,19603466,9,INN-9,10.16
HT,LODGING,Blackrock Inc.,5881075,3/30/21,0.1503,62045341,0,HT-0,10.55
HT,LODGING,"Vanguard Group, Inc.",4523927,3/30/21,0.1156,47727429,1,HT-1,10.55
HT,LODGING,State Street Corporation,1675692,3/30/21,0.0428,17678550,2,HT-2,10.55
HT,LODGING,Lsv Asset Management,923366,3/30/21,0.0236,9741511,3,HT-3,10.55
HT,LODGING,"Charles Schwab Investment Management, Inc.",840423,3/30/21,0.0215,8866462,4,HT-4,10.55
HT,LODGING,"Geode Capital Management, LLC",784814,3/30/21,0.0201,8279787,5,HT-5,10.55
HT,LODGING,Dimensional Fund Advisors LP,551310,3/30/21,0.0141,5816320,6,HT-6,10.55
HT,LODGING,"First Republic Investment Management, Inc.",537541,3/30/21,0.0137,5671057,7,HT-7,10.55
HT,LODGING,Parametric Portfolio Associates,442224,3/30/21,0.0113,4665463,8,HT-8,10.55
HT,LODGING,Bank Of New York Mellon Corporation,414936,3/30/21,0.0106,4377574,9,HT-9,10.55
AHT,LODGING,Millennium Management LLC,3414591,3/30/21,0.0222,10073043,0,AHT-0,2.95
AHT,LODGING,Davidson Kempner Capital Management LP,3335801,3/30/21,0.0217,9840612,1,AHT-1,2.95
AHT,LODGING,"Vanguard Group, Inc.",3019477,3/30/21,0.0197,8907457,2,AHT-2,2.95
AHT,LODGING,Blackrock Inc.,1161647,3/30/21,0.0076,3426858,3,AHT-3,2.95
AHT,LODGING,Brookfield Asset Management Inc.,1015500,3/30/21,0.0066,2995725,4,AHT-4,2.95
AHT,LODGING,"Susquehanna International Group, LLP",895274,3/30/21,0.0058,2641058,5,AHT-5,2.95
AHT,LODGING,Morgan Stanley,757660,3/30/21,0.0049,2235097,6,AHT-6,2.95
AHT,LODGING,Hilltop Holdings Inc.,722377,3/30/21,0.0047,2131012,7,AHT-7,2.95
AHT,LODGING,"Group One Trading, L.P.",555485,3/30/21,0.0036,1638680,8,AHT-8,2.95
AHT,LODGING,"Renaissance Technologies, LLC",540905,3/30/21,0.0035,1595669,9,AHT-9,2.95
BHR,LODGING,Davidson Kempner Capital Management LP,2300700,3/30/21,0.0472,13965249,0,BHR-0,6.07
BHR,LODGING,"Vanguard Group, Inc.",1486751,3/30/21,0.0305,9024578,1,BHR-1,6.07
BHR,LODGING,Zazove Associates Llc,1394804,3/30/21,0.0286,8466460,2,BHR-2,6.07
BHR,LODGING,"Ameriprise Financial, Inc.",1116890,3/30/21,0.0229,6779522,3,BHR-3,6.07
BHR,LODGING,"Jones Road Capital Management, LP",1070000,3/30/21,0.0219,6494900,4,BHR-4,6.07
BHR,LODGING,"Leonard Green & Partners, L.P.",1000000,3/30/21,0.0205,6070000,5,BHR-5,6.07
BHR,LODGING,Ronit Capital LLP,1000000,3/30/21,0.0205,6070000,6,BHR-6,6.07
BHR,LODGING,Blackrock Inc.,986130,3/30/21,0.0202,5985809,7,BHR-7,6.07
BHR,LODGING,Parkwood LLC,895764,3/30/21,0.0184,5437287,8,BHR-8,6.07
BHR,LODGING,Royce & Associates LP,739549,3/30/21,0.0152,4489062,9,BHR-9,6.07
SPG,MALL,"Vanguard Group, Inc.",46614821,3/30/21,0.1419,5303368185,0,SPG-0,113.77
SPG,MALL,Blackrock Inc.,34451136,3/30/21,0.1049,3919505742,1,SPG-1,113.77
SPG,MALL,Cohen & Steers Inc.,19615860,3/30/21,0.0597,2231696392,2,SPG-2,113.77
SPG,MALL,State Street Corporation,19182555,3/30/21,0.0584,2182399282,3,SPG-3,113.77
SPG,MALL,"FMR, LLC",11320987,3/30/21,0.0345,1287988690,4,SPG-4,113.77
SPG,MALL,Nuveen Asset Management,6794150,3/30/21,0.0207,772970445,5,SPG-5,113.77
SPG,MALL,"Geode Capital Management, LLC",6372345,3/30/21,0.0194,724981690,6,SPG-6,113.77
SPG,MALL,Northern Trust Corporation,5641859,3/30/21,0.0172,641874298,7,SPG-7,113.77
SPG,MALL,Bank Of New York Mellon Corporation,5194720,3/30/21,0.0158,591003294,8,SPG-8,113.77
SPG,MALL,Dimensional Fund Advisors LP,5084088,3/30/21,0.0155,578416691,9,SPG-9,113.77
MAC,MALL,Blackrock Inc.,21876619,3/30/21,0.1219,255956442,0,MAC-0,11.7
MAC,MALL,"Vanguard Group, Inc.",19141927,3/30/21,0.1066,223960545,1,MAC-1,11.7
MAC,MALL,State Street Corporation,7151820,3/30/21,0.0398,83676294,2,MAC-2,11.7
MAC,MALL,"Smead Capital Management, Inc.",7044224,3/30/21,0.0392,82417420,3,MAC-3,11.7
MAC,MALL,JP Morgan Chase & Company,5899512,3/30/21,0.0329,69024290,4,MAC-4,11.7
MAC,MALL,"Susquehanna International Group, LLP",3489128,3/30/21,0.0194,40822797,5,MAC-5,11.7
MAC,MALL,Millennium Management LLC,2854752,3/30/21,0.0159,33400598,6,MAC-6,11.7
MAC,MALL,Northern Trust Corporation,2850100,3/30/21,0.0159,33346170,7,MAC-7,11.7
MAC,MALL,Nuveen Asset Management,2613629,3/30/21,0.0146,30579459,8,MAC-8,11.7
MAC,MALL,"AEW Capital Management, LP",2536700,3/30/21,0.0141,29679390,9,MAC-9,11.7
WPG,MALL,"Charles Schwab Investment Management, Inc.",1392179,3/30/21,0.0569,3104559,0,WPG-0,2.23
WPG,MALL,Blackrock Inc.,809913,3/30/21,0.0331,1806105,1,WPG-1,2.23
WPG,MALL,"Vanguard Group, Inc.",565230,3/30/21,0.0231,1260462,2,WPG-2,2.23
WPG,MALL,"Private Management Group, Inc.",556323,3/30/21,0.0227,1240600,3,WPG-3,2.23
WPG,MALL,Invesco Ltd.,491986,3/30/21,0.0201,1097128,4,WPG-4,2.23
WPG,MALL,"Geode Capital Management, LLC",270835,3/30/21,0.0111,603962,5,WPG-5,2.23
WPG,MALL,State Street Corporation,223569,3/30/21,0.0091,498558,6,WPG-6,2.23
WPG,MALL,"Susquehanna International Group, LLP",191221,3/30/21,0.0078,426422,7,WPG-7,2.23
WPG,MALL,Lido Advisors Inc.,144446,3/30/21,0.0059,322114,8,WPG-8,2.23
WPG,MALL,Dimensional Fund Advisors LP,141310,3/30/21,0.0058,315121,9,WPG-9,2.23
PEI,MALL,"Vanguard Group, Inc.",2499907,3/30/21,0.0315,4799821,0,PEI-0,1.92
PEI,MALL,Lido Advisors Inc.,904400,3/30/21,0.0114,1736448,1,PEI-1,1.92
PEI,MALL,Invesco Ltd.,772090,3/30/21,0.0097,1482412,2,PEI-2,1.92
PEI,MALL,"Geode Capital Management, LLC",408433,3/30/21,0.0052,784191,3,PEI-3,1.92
PEI,MALL,Blackrock Inc.,306842,3/30/21,0.0039,589136,4,PEI-4,1.92
PEI,MALL,Brown Advisory Inc.,305000,3/30/21,0.0038,585600,5,PEI-5,1.92
PEI,MALL,"Veritable, LP",304503,3/30/21,0.0038,584645,6,PEI-6,1.92
PEI,MALL,Squarepoint Ops LLC,263531,3/30/21,0.0033,505979,7,PEI-7,1.92
PEI,MALL,Northern Trust Corporation,182841,3/30/21,0.0023,351054,8,PEI-8,1.92
PEI,MALL,"Jane Street Group, LLC",176579,3/30/21,0.0022,339031,9,PEI-9,1.92
REG,STRIP CENTER,"Vanguard Group, Inc.",26809151,3/30/21,0.16,1520346953,0,REG-0,56.71
REG,STRIP CENTER,Blackrock Inc.,18416955,3/30/21,0.1099,1044425518,1,REG-1,56.71
REG,STRIP CENTER,Norges Bank Investment Management,16179323,12/30/20,0.0966,737615335,2,REG-2,45.59
REG,STRIP CENTER,State Street Corporation,10013147,3/30/21,0.0598,567845566,3,REG-3,56.71
REG,STRIP CENTER,Price (T.Rowe) Associates Inc,6093883,3/30/21,0.0364,345584104,4,REG-4,56.71
REG,STRIP CENTER,"Principal Financial Group, Inc.",5749322,3/30/21,0.0343,326044050,5,REG-5,56.71
REG,STRIP CENTER,PGGM Investments,5693981,3/30/21,0.034,322905662,6,REG-6,56.71
REG,STRIP CENTER,Capital World Investors,4992876,3/30/21,0.0298,283145997,7,REG-7,56.71
REG,STRIP CENTER,Invesco Ltd.,4545014,3/30/21,0.0271,257747743,8,REG-8,56.71
REG,STRIP CENTER,Nuveen Asset Management,4526898,3/30/21,0.027,256720385,9,REG-9,56.71
FRT,STRIP CENTER,"Vanguard Group, Inc.",11647711,3/30/21,0.1498,1181660280,0,FRT-0,101.45
FRT,STRIP CENTER,State Street Corporation,8193030,3/30/21,0.1054,831182893,1,FRT-1,101.45
FRT,STRIP CENTER,Norges Bank Investment Management,7212626,12/30/20,0.0928,613938725,2,FRT-2,85.12
FRT,STRIP CENTER,Blackrock Inc.,7079844,3/30/21,0.0911,718250173,3,FRT-3,101.45
FRT,STRIP CENTER,Capital Research Global Investors,4233981,3/30/21,0.0545,429537372,4,FRT-4,101.45
FRT,STRIP CENTER,JP Morgan Chase & Company,4097797,3/30/21,0.0527,415721505,5,FRT-5,101.45
FRT,STRIP CENTER,PGGM Investments,2133996,3/30/21,0.0274,216493894,6,FRT-6,101.45
FRT,STRIP CENTER,Resolution Capital Ltd,1838104,3/30/21,0.0236,186475650,7,FRT-7,101.45
FRT,STRIP CENTER,Bank Of New York Mellon Corporation,1520795,3/30/21,0.0196,154284652,8,FRT-8,101.45
FRT,STRIP CENTER,"Geode Capital Management, LLC",1409570,3/30/21,0.0181,143000876,9,FRT-9,101.45
KIM,STRIP CENTER,"Vanguard Group, Inc.",66781848,3/30/21,0.1541,1252159650,0,KIM-0,18.75
KIM,STRIP CENTER,Blackrock Inc.,38021778,3/30/21,0.0877,712908337,1,KIM-1,18.75
KIM,STRIP CENTER,JP Morgan Chase & Company,31273395,3/30/21,0.0721,586376156,2,KIM-2,18.75
KIM,STRIP CENTER,State Street Corporation,23450858,3/30/21,0.0541,439703587,3,KIM-3,18.75
KIM,STRIP CENTER,Capital Research Global Investors,22832396,3/30/21,0.0527,428107425,4,KIM-4,18.75
KIM,STRIP CENTER,Apg Asset Management Us Inc.,21583000,3/30/21,0.0498,404681250,5,KIM-5,18.75
KIM,STRIP CENTER,Resolution Capital Ltd,13503821,3/30/21,0.0312,253196643,6,KIM-6,18.75
KIM,STRIP CENTER,Cohen & Steers Inc.,12353150,3/30/21,0.0285,231621562,7,KIM-7,18.75
KIM,STRIP CENTER,Deutsche Bank Aktiengesellschaft,9823167,3/30/21,0.0227,184184381,8,KIM-8,18.75
KIM,STRIP CENTER,"FMR, LLC",8862730,3/30/21,0.0204,166176187,9,KIM-9,18.75
BRX,STRIP CENTER,"Vanguard Group, Inc.",43355266,3/30/21,0.146,877077031,0,BRX-0,20.23
BRX,STRIP CENTER,Blackrock Inc.,35586476,3/30/21,0.1198,719914409,1,BRX-1,20.23
BRX,STRIP CENTER,JP Morgan Chase & Company,29782057,3/30/21,0.1003,602491013,2,BRX-2,20.23
BRX,STRIP CENTER,State Street Corporation,13237896,3/30/21,0.0446,267802636,3,BRX-3,20.23
BRX,STRIP CENTER,Massachusetts Financial Services Co.,10275270,3/30/21,0.0346,207868712,4,BRX-4,20.23
BRX,STRIP CENTER,Fuller & Thaler Asset Management Inc.,8084583,3/30/21,0.0272,163551114,5,BRX-5,20.23
BRX,STRIP CENTER,"Franklin Resources, Inc.",7640931,3/30/21,0.0257,154576034,6,BRX-6,20.23
BRX,STRIP CENTER,Invesco Ltd.,7542422,3/30/21,0.0254,152583197,7,BRX-7,20.23
BRX,STRIP CENTER,"Wellington Management Group, LLP",7310077,3/30/21,0.0246,147882857,8,BRX-8,20.23
BRX,STRIP CENTER,CenterSquare Investment Management LLC,7228346,3/30/21,0.0243,146229439,9,BRX-9,20.23
WRI,STRIP CENTER,"Vanguard Group, Inc.",17291590,3/30/21,0.1355,465316686,0,WRI-0,26.91
WRI,STRIP CENTER,JP Morgan Chase & Company,13647960,3/30/21,0.1069,367266603,1,WRI-1,26.91
WRI,STRIP CENTER,Blackrock Inc.,13370537,3/30/21,0.1048,359801150,2,WRI-2,26.91
WRI,STRIP CENTER,Cohen & Steers Inc.,5889841,3/30/21,0.0461,158495621,3,WRI-3,26.91
WRI,STRIP CENTER,State Street Corporation,5289441,3/30/21,0.0414,142338857,4,WRI-4,26.91
WRI,STRIP CENTER,Millennium Management LLC,3026922,3/30/21,0.0237,81454471,5,WRI-5,26.91
WRI,STRIP CENTER,Bank Of New York Mellon Corporation,2341130,3/30/21,0.0183,62999808,6,WRI-6,26.91
WRI,STRIP CENTER,Northern Trust Corporation,2197582,3/30/21,0.0172,59136931,7,WRI-7,26.91
WRI,STRIP CENTER,Deutsche Bank Aktiengesellschaft,2031349,3/30/21,0.0159,54663601,8,WRI-8,26.91
WRI,STRIP CENTER,Morgan Stanley,1929930,3/30/21,0.0151,51934416,9,WRI-9,26.91
AKR,STRIP CENTER,Blackrock Inc.,16684011,3/30/21,0.1933,316495688,0,AKR-0,18.97
AKR,STRIP CENTER,"Vanguard Group, Inc.",13470502,3/30/21,0.1561,255535422,1,AKR-1,18.97
AKR,STRIP CENTER,Price (T.Rowe) Associates Inc,6188123,3/30/21,0.0717,117388693,2,AKR-2,18.97
AKR,STRIP CENTER,State Street Corporation,4555221,3/30/21,0.0528,86412542,3,AKR-3,18.97
AKR,STRIP CENTER,"FMR, LLC",3817549,3/30/21,0.0442,72418904,4,AKR-4,18.97
AKR,STRIP CENTER,"Goldman Sachs Group, Inc.",3595808,3/30/21,0.0417,68212477,5,AKR-5,18.97
AKR,STRIP CENTER,CenterSquare Investment Management LLC,3478567,3/30/21,0.0403,65988415,6,AKR-6,18.97
AKR,STRIP CENTER,"Wellington Management Group, LLP",2597679,3/30/21,0.0301,49277970,7,AKR-7,18.97
AKR,STRIP CENTER,"AEW Capital Management, LP",1750456,3/30/21,0.0203,33206150,8,AKR-8,18.97
AKR,STRIP CENTER,Legal & General Group PLC,1646860,3/30/21,0.0191,31240934,9,AKR-9,18.97
UE,STRIP CENTER,"Vanguard Group, Inc.",16458297,3/30/21,0.1406,271891066,0,UE-0,16.52
UE,STRIP CENTER,Blackrock Inc.,16162340,3/30/21,0.1381,267001856,1,UE-1,16.52
UE,STRIP CENTER,Resolution Capital Ltd,11918064,3/30/21,0.1018,196886417,2,UE-2,16.52
UE,STRIP CENTER,Invesco Ltd.,7739184,3/30/21,0.0661,127851319,3,UE-3,16.52
UE,STRIP CENTER,State Street Corporation,5541356,3/30/21,0.0474,91543201,4,UE-4,16.52
UE,STRIP CENTER,Apg Asset Management Us Inc.,4182000,3/30/21,0.0357,69086640,5,UE-5,16.52
UE,STRIP CENTER,Massachusetts Financial Services Co.,4122873,3/30/21,0.0352,68109861,6,UE-6,16.52
UE,STRIP CENTER,LaSalle Investment Management Securities LLC,2718961,3/30/21,0.0232,44917235,7,UE-7,16.52
UE,STRIP CENTER,"Sumitomo Mitsui Trust Holdings, Inc.",2697262,3/30/21,0.023,44558768,8,UE-8,16.52
UE,STRIP CENTER,Bank Of New York Mellon Corporation,2692584,3/30/21,0.023,44481487,9,UE-9,16.52
RPAI,STRIP CENTER,Blackrock Inc.,40451360,3/30/21,0.1884,423930252,0,RPAI-0,10.48
RPAI,STRIP CENTER,"Vanguard Group, Inc.",33939839,3/30/21,0.1581,355689512,1,RPAI-1,10.48
RPAI,STRIP CENTER,State Street Corporation,11191161,3/30/21,0.0521,117283367,2,RPAI-2,10.48
RPAI,STRIP CENTER,Deutsche Bank Aktiengesellschaft,9807077,3/30/21,0.0457,102778166,3,RPAI-3,10.48
RPAI,STRIP CENTER,CenterSquare Investment Management LLC,8723232,3/30/21,0.0406,91419471,4,RPAI-4,10.48
RPAI,STRIP CENTER,"Goodwin, Daniel, L.",8346788,3/30/21,0.0389,87474338,5,RPAI-5,10.48
RPAI,STRIP CENTER,LaSalle Investment Management Securities LLC,6495979,3/30/21,0.0303,68077859,6,RPAI-6,10.48
RPAI,STRIP CENTER,Cohen & Steers Inc.,5729021,3/30/21,0.0267,60040140,7,RPAI-7,10.48
RPAI,STRIP CENTER,"Sumitomo Mitsui Trust Holdings, Inc.",4190089,3/30/21,0.0195,43912132,8,RPAI-8,10.48
RPAI,STRIP CENTER,"Geode Capital Management, LLC",4078912,3/30/21,0.019,42746997,9,RPAI-9,10.48
ROIC,STRIP CENTER,Blackrock Inc.,21172289,12/30/20,0.1783,283496949,0,ROIC-0,13.39
ROIC,STRIP CENTER,"Vanguard Group, Inc.",17590438,12/30/20,0.1481,235535964,1,ROIC-1,13.39
ROIC,STRIP CENTER,Invesco Ltd.,6577639,12/30/20,0.0554,88074586,2,ROIC-2,13.39
ROIC,STRIP CENTER,State Street Corporation,5974415,12/30/20,0.0503,79997416,3,ROIC-3,13.39
ROIC,STRIP CENTER,Apg Asset Management Us Inc.,4201000,12/30/20,0.0354,56251390,4,ROIC-4,13.39
ROIC,STRIP CENTER,CenterSquare Investment Management LLC,3273059,12/30/20,0.0276,43826260,5,ROIC-5,13.39
ROIC,STRIP CENTER,"Federated Hermes, Inc.",2825411,12/30/20,0.0238,37832253,6,ROIC-6,13.39
ROIC,STRIP CENTER,"Wellington Management Group, LLP",2502808,12/30/20,0.0211,33512599,7,ROIC-7,13.39
ROIC,STRIP CENTER,"Northwood Liquid Management, LP",2417077,12/30/20,0.0203,32364661,8,ROIC-8,13.39
ROIC,STRIP CENTER,Northern Trust Corporation,2363020,12/30/20,0.0199,31640837,9,ROIC-9,13.39
CDR,STRIP CENTER,Price (T.Rowe) Associates Inc,2442479,3/30/21,0.1792,36392937,0,CDR-0,14.9
CDR,STRIP CENTER,"Vanguard Group, Inc.",485247,3/30/21,0.0356,7230180,1,CDR-1,14.9
CDR,STRIP CENTER,Lsv Asset Management,467528,3/30/21,0.0343,6966167,2,CDR-2,14.9
CDR,STRIP CENTER,Blackrock Inc.,252463,3/30/21,0.0185,3761698,3,CDR-3,14.9
CDR,STRIP CENTER,Millennium Management LLC,240483,3/30/21,0.0176,3583196,4,CDR-4,14.9
CDR,STRIP CENTER,"Barington Capital Group, L.P.",207575,3/30/21,0.0152,3092867,5,CDR-5,14.9
CDR,STRIP CENTER,"Cruiser Capital Advisors, LLC",158163,3/30/21,0.0116,2356628,6,CDR-6,14.9
CDR,STRIP CENTER,"National Asset Management, Inc.",154877,3/30/21,0.0114,2307667,7,CDR-7,14.9
CDR,STRIP CENTER,Dimensional Fund Advisors LP,124735,3/30/21,0.0092,1858551,8,CDR-8,14.9
CDR,STRIP CENTER,Anson Funds Management LP,113402,3/30/21,0.0083,1689689,9,CDR-9,14.9
SITC,STRIP CENTER,Blackrock Inc.,29146150,3/30/21,0.1381,395221794,0,SITC-0,13.56
SITC,STRIP CENTER,"Vanguard Group, Inc.",25523780,3/30/21,0.1209,346102456,1,SITC-1,13.56
SITC,STRIP CENTER,Cohen & Steers Inc.,12883118,3/30/21,0.061,174695080,2,SITC-2,13.56
SITC,STRIP CENTER,Invesco Ltd.,9556611,3/30/21,0.0453,129587645,3,SITC-3,13.56
SITC,STRIP CENTER,State Street Corporation,8303493,3/30/21,0.0393,112595365,4,SITC-4,13.56
SITC,STRIP CENTER,"FMR, LLC",5934859,3/30/21,0.0281,80476688,5,SITC-5,13.56
SITC,STRIP CENTER,Nuveen Asset Management,5215522,3/30/21,0.0247,70722478,6,SITC-6,13.56
SITC,STRIP CENTER,Lsv Asset Management,3772836,3/30/21,0.0179,51159656,7,SITC-7,13.56
SITC,STRIP CENTER,Daiwa Securities Group Inc.,3330049,3/30/21,0.0158,45155464,8,SITC-8,13.56
SITC,STRIP CENTER,Frontier Capital Management Company LLC,3069509,3/30/21,0.0145,41622542,9,SITC-9,13.56
BFS,STRIP CENTER,Blackrock Inc.,2024229,3/30/21,0.0861,81191825,0,BFS-0,40.11
BFS,STRIP CENTER,"Vanguard Group, Inc.",1996329,3/30/21,0.085,80072756,1,BFS-1,40.11
BFS,STRIP CENTER,Price (T.Rowe) Associates Inc,1848740,3/30/21,0.0787,74152961,2,BFS-2,40.11
BFS,STRIP CENTER,"Principal Financial Group, Inc.",1397388,3/30/21,0.0595,56049232,3,BFS-3,40.11
BFS,STRIP CENTER,State Street Corporation,418539,3/30/21,0.0178,16787599,4,BFS-4,40.11
BFS,STRIP CENTER,"Renaissance Technologies, LLC",257574,3/30/21,0.011,10331293,5,BFS-5,40.11
BFS,STRIP CENTER,"Geode Capital Management, LLC",246080,3/30/21,0.0105,9870268,6,BFS-6,40.11
BFS,STRIP CENTER,Dimensional Fund Advisors LP,225184,3/30/21,0.0096,9032130,7,BFS-7,40.11
BFS,STRIP CENTER,Bank Of New York Mellon Corporation,220003,3/30/21,0.0094,8824320,8,BFS-8,40.11
BFS,STRIP CENTER,Northern Trust Corporation,165684,3/30/21,0.0071,6645585,9,BFS-9,40.11
O,NET LEASE,"Vanguard Group, Inc.",57666108,3/30/21,0.1544,3661797858,0,O-0,63.5
O,NET LEASE,Blackrock Inc.,35817931,3/30/21,0.0959,2274438618,1,O-1,63.5
O,NET LEASE,State Street Corporation,26842199,3/30/21,0.0719,1704479636,2,O-2,63.5
O,NET LEASE,Bank of America Corporation,13008224,3/30/21,0.0348,826022224,3,O-3,63.5
O,NET LEASE,"Geode Capital Management, LLC",7587916,3/30/21,0.0203,481832666,4,O-4,63.5
O,NET LEASE,Northern Trust Corporation,5959649,3/30/21,0.016,378437711,5,O-5,63.5
O,NET LEASE,Dimensional Fund Advisors LP,5787461,3/30/21,0.0155,367503773,6,O-6,63.5
O,NET LEASE,JP Morgan Chase & Company,5471937,3/30/21,0.0146,347467999,7,O-7,63.5
O,NET LEASE,Morgan Stanley,5198902,3/30/21,0.0139,330130277,8,O-8,63.5
O,NET LEASE,Bank Of New York Mellon Corporation,4532372,3/30/21,0.0121,287805622,9,O-9,63.5
WPC,NET LEASE,"Vanguard Group, Inc.",24234545,12/30/20,0.1382,1710474186,0,WPC-0,70.58
WPC,NET LEASE,Blackrock Inc.,13717916,12/30/20,0.0782,968210511,1,WPC-1,70.58
WPC,NET LEASE,State Street Corporation,7125836,12/30/20,0.0406,502941504,2,WPC-2,70.58
WPC,NET LEASE,JP Morgan Chase & Company,5762947,12/30/20,0.0329,406748799,3,WPC-3,70.58
WPC,NET LEASE,Cohen & Steers Inc.,4643371,12/30/20,0.0265,327729125,4,WPC-4,70.58
WPC,NET LEASE,Massachusetts Financial Services Co.,2564533,12/30/20,0.0146,181004739,5,WPC-5,70.58
WPC,NET LEASE,"Geode Capital Management, LLC",2534114,12/30/20,0.0144,178857766,6,WPC-6,70.58
WPC,NET LEASE,Dimensional Fund Advisors LP,2483786,12/30/20,0.0142,175305615,7,WPC-7,70.58
WPC,NET LEASE,Legal & General Group PLC,1934425,12/30/20,0.011,136531716,8,WPC-8,70.58
WPC,NET LEASE,Northern Trust Corporation,1843039,12/30/20,0.0105,130081692,9,WPC-9,70.58
NNN,NET LEASE,"Vanguard Group, Inc.",24834190,3/30/21,0.1414,1094442753,0,NNN-0,44.07
NNN,NET LEASE,Blackrock Inc.,19981559,3/30/21,0.1138,880587305,1,NNN-1,44.07
NNN,NET LEASE,State Street Corporation,16867681,3/30/21,0.0961,743358701,2,NNN-2,44.07
NNN,NET LEASE,"FMR, LLC",11013873,3/30/21,0.0627,485381383,3,NNN-3,44.07
NNN,NET LEASE,PGGM Investments,8348505,3/30/21,0.0475,367918615,4,NNN-4,44.07
NNN,NET LEASE,JP Morgan Chase & Company,5802759,3/30/21,0.033,255727589,5,NNN-5,44.07
NNN,NET LEASE,Royal Bank of Canada,5095614,3/30/21,0.029,224563708,6,NNN-6,44.07
NNN,NET LEASE,Victory Capital Management Inc.,5066000,3/30/21,0.0289,223258620,7,NNN-7,44.07
NNN,NET LEASE,"Geode Capital Management, LLC",2750905,3/30/21,0.0157,121232383,8,NNN-8,44.07
NNN,NET LEASE,Dimensional Fund Advisors LP,2698997,3/30/21,0.0154,118944797,9,NNN-9,44.07
VER,NET LEASE,Cohen & Steers Inc.,35687863,3/30/21,0.1558,1378265269,0,VER-0,38.62
VER,NET LEASE,"Vanguard Group, Inc.",32371706,3/30/21,0.1413,1250195285,1,VER-1,38.62
VER,NET LEASE,Blackrock Inc.,18759027,3/30/21,0.0819,724473622,2,VER-2,38.62
VER,NET LEASE,Daiwa Securities Group Inc.,9104006,3/30/21,0.0397,351596711,3,VER-3,38.62
VER,NET LEASE,State Street Corporation,9045592,3/30/21,0.0395,349340763,4,VER-4,38.62
VER,NET LEASE,"FMR, LLC",8811032,3/30/21,0.0385,340282055,5,VER-5,38.62
VER,NET LEASE,Lsv Asset Management,5280881,3/30/21,0.023,203947624,6,VER-6,38.62
VER,NET LEASE,CenterSquare Investment Management LLC,5156367,3/30/21,0.0225,199138893,7,VER-7,38.62
VER,NET LEASE,Cbre Clarion Securities LLC,4412284,3/30/21,0.0193,170402408,8,VER-8,38.62
VER,NET LEASE,"Redwood Capital Management, LLC",4238213,3/30/21,0.0185,163679786,9,VER-9,38.62
STOR,NET LEASE,"Vanguard Group, Inc.",34792256,3/30/21,0.1286,1165540576,0,STOR-0,33.5
STOR,NET LEASE,Blackrock Inc.,27604688,3/30/21,0.1021,924757048,1,STOR-1,33.5
STOR,NET LEASE,"Berkshire Hathaway, Inc",24415168,3/30/21,0.0903,817908128,2,STOR-2,33.5
STOR,NET LEASE,"Principal Financial Group, Inc.",14929356,3/30/21,0.0552,500133426,3,STOR-3,33.5
STOR,NET LEASE,"Wellington Management Group, LLP",11260698,3/30/21,0.0416,377233383,4,STOR-4,33.5
STOR,NET LEASE,State Street Corporation,10388546,3/30/21,0.0384,348016291,5,STOR-5,33.5
STOR,NET LEASE,Morgan Stanley,9441912,3/30/21,0.0349,316304052,6,STOR-6,33.5
STOR,NET LEASE,"London Company of Virginia,",8753005,3/30/21,0.0324,293225667,7,STOR-7,33.5
STOR,NET LEASE,Massachusetts Financial Services Co.,7698640,3/30/21,0.0285,257904440,8,STOR-8,33.5
STOR,NET LEASE,Dimensional Fund Advisors LP,3602090,3/30/21,0.0133,120670015,9,STOR-9,33.5
SRC,NET LEASE,Cohen & Steers Inc.,18358946,3/30/21,0.1597,780255205,0,SRC-0,42.5
SRC,NET LEASE,"Vanguard Group, Inc.",16560616,3/30/21,0.1441,703826180,1,SRC-1,42.5
SRC,NET LEASE,Blackrock Inc.,15837534,3/30/21,0.1378,673095195,2,SRC-2,42.5
SRC,NET LEASE,"FMR, LLC",7580217,3/30/21,0.0659,322159222,3,SRC-3,42.5
SRC,NET LEASE,State Street Corporation,4948435,3/30/21,0.043,210308487,4,SRC-4,42.5
SRC,NET LEASE,Daiwa Securities Group Inc.,3277610,3/30/21,0.0285,139298425,5,SRC-5,42.5
SRC,NET LEASE,Macquarie Group Limited,2173303,3/30/21,0.0189,92365377,6,SRC-6,42.5
SRC,NET LEASE,Duff & Phelps Investment Management Company,1843980,3/30/21,0.016,78369150,7,SRC-7,42.5
SRC,NET LEASE,Dimensional Fund Advisors LP,1796150,3/30/21,0.0156,76336375,8,SRC-8,42.5
SRC,NET LEASE,"Long Pond Capital, LP",1785161,3/30/21,0.0155,75869342,9,SRC-9,42.5
PLD,INDUSTRIAL,"Vanguard Group, Inc.",94650321,3/30/21,0.1279,10032934026,0,PLD-0,106
PLD,INDUSTRIAL,Blackrock Inc.,75006319,3/30/21,0.1014,7950669814,1,PLD-1,106
PLD,INDUSTRIAL,State Street Corporation,41828859,3/30/21,0.0565,4433859054,2,PLD-2,106
PLD,INDUSTRIAL,JP Morgan Chase & Company,29699324,3/30/21,0.0401,3148128344,3,PLD-3,106
PLD,INDUSTRIAL,Apg Asset Management Us Inc.,23794600,3/30/21,0.0322,2522227600,4,PLD-4,106
PLD,INDUSTRIAL,"FMR, LLC",21010534,3/30/21,0.0284,2227116604,5,PLD-5,106
PLD,INDUSTRIAL,Price (T.Rowe) Associates Inc,17772896,3/30/21,0.024,1883926976,6,PLD-6,106
PLD,INDUSTRIAL,Cohen & Steers Inc.,16281344,3/30/21,0.022,1725822464,7,PLD-7,106
PLD,INDUSTRIAL,"Principal Financial Group, Inc.",14654920,3/30/21,0.0198,1553421520,8,PLD-8,106
PLD,INDUSTRIAL,Northern Trust Corporation,13455157,3/30/21,0.0182,1426246642,9,PLD-9,106
DRE,INDUSTRIAL,"Vanguard Group, Inc.",59126674,3/30/21,0.1577,2479181440,0,DRE-0,41.93
DRE,INDUSTRIAL,Cohen & Steers Inc.,49086676,3/30/21,0.1309,2058204324,1,DRE-1,41.93
DRE,INDUSTRIAL,Blackrock Inc.,37887861,3/30/21,0.101,1588638011,2,DRE-2,41.93
DRE,INDUSTRIAL,State Street Corporation,21252964,3/30/21,0.0567,891136780,3,DRE-3,41.93
DRE,INDUSTRIAL,"FMR, LLC",16833606,3/30/21,0.0449,705833099,4,DRE-4,41.93
DRE,INDUSTRIAL,Daiwa Securities Group Inc.,12297661,3/30/21,0.0328,515640925,5,DRE-5,41.93
DRE,INDUSTRIAL,Invesco Ltd.,10784341,3/30/21,0.0288,452187418,6,DRE-6,41.93
DRE,INDUSTRIAL,"Geode Capital Management, LLC",7142311,3/30/21,0.019,299477100,7,DRE-7,41.93
DRE,INDUSTRIAL,Dimensional Fund Advisors LP,6773905,3/30/21,0.0181,284029836,8,DRE-8,41.93
DRE,INDUSTRIAL,Northern Trust Corporation,6420052,3/30/21,0.0171,269192780,9,DRE-9,41.93
FR,INDUSTRIAL,"Vanguard Group, Inc.",17867152,12/30/20,0.1384,752743113,0,FR-0,42.13
FR,INDUSTRIAL,Blackrock Inc.,15680887,12/30/20,0.1214,660635769,1,FR-1,42.13
FR,INDUSTRIAL,Cohen & Steers Inc.,6278960,12/30/20,0.0486,264532584,2,FR-2,42.13
FR,INDUSTRIAL,"Principal Financial Group, Inc.",5516479,12/30/20,0.0427,232409260,3,FR-3,42.13
FR,INDUSTRIAL,State Street Corporation,5498843,12/30/20,0.0426,231666255,4,FR-4,42.13
FR,INDUSTRIAL,Invesco Ltd.,3855934,12/30/20,0.0299,162450499,5,FR-5,42.13
FR,INDUSTRIAL,Price (T.Rowe) Associates Inc,3538732,12/30/20,0.0274,149086779,6,FR-6,42.13
FR,INDUSTRIAL,LaSalle Investment Management Securities LLC,3024306,12/30/20,0.0234,127414011,7,FR-7,42.13
FR,INDUSTRIAL,CenterSquare Investment Management LLC,2959154,12/30/20,0.0229,124669158,8,FR-8,42.13
FR,INDUSTRIAL,"Ameriprise Financial, Inc.",2850038,12/30/20,0.0221,120072100,9,FR-9,42.13
EGP,INDUSTRIAL,"Vanguard Group, Inc.",5797025,3/30/21,0.1448,830597742,0,EGP-0,143.28
EGP,INDUSTRIAL,Blackrock Inc.,5697162,3/30/21,0.1424,816289371,1,EGP-1,143.28
EGP,INDUSTRIAL,Price (T.Rowe) Associates Inc,2710152,3/30/21,0.0677,388310578,2,EGP-2,143.28
EGP,INDUSTRIAL,JP Morgan Chase & Company,2433469,3/30/21,0.0608,348667438,3,EGP-3,143.28
EGP,INDUSTRIAL,State Street Corporation,1986606,3/30/21,0.0496,284640907,4,EGP-4,143.28
EGP,INDUSTRIAL,Deutsche Bank Aktiengesellschaft,1068377,3/30/21,0.0267,153077056,5,EGP-5,143.28
EGP,INDUSTRIAL,Brown Advisory Inc.,977643,3/30/21,0.0244,140076689,6,EGP-6,143.28
EGP,INDUSTRIAL,Eaton Vance Management,969746,3/30/21,0.0242,138945206,7,EGP-7,143.28
EGP,INDUSTRIAL,Dimensional Fund Advisors LP,764415,3/30/21,0.0191,109525381,8,EGP-8,143.28
EGP,INDUSTRIAL,Northern Trust Corporation,762915,3/30/21,0.0191,109310461,9,EGP-9,143.28
EXR,SELF STORAGE,"Vanguard Group, Inc.",20638969,3/30/21,0.1543,2735695340,0,EXR-0,132.55
EXR,SELF STORAGE,Blackrock Inc.,15102258,3/30/21,0.1129,2001804297,1,EXR-1,132.55
EXR,SELF STORAGE,Cohen & Steers Inc.,9856609,3/30/21,0.0737,1306493522,2,EXR-2,132.55
EXR,SELF STORAGE,State Street Corporation,7487330,3/30/21,0.056,992445591,3,EXR-3,132.55
EXR,SELF STORAGE,"Principal Financial Group, Inc.",3620656,3/30/21,0.0271,479917952,4,EXR-4,132.55
EXR,SELF STORAGE,Apg Asset Management Us Inc.,3283000,3/30/21,0.0245,435161650,5,EXR-5,132.55
EXR,SELF STORAGE,"FMR, LLC",3241922,3/30/21,0.0242,429716761,6,EXR-6,132.55
EXR,SELF STORAGE,Invesco Ltd.,3167826,3/30/21,0.0237,419895336,7,EXR-7,132.55
EXR,SELF STORAGE,"Geode Capital Management, LLC",2692613,3/30/21,0.0201,356905853,8,EXR-8,132.55
EXR,SELF STORAGE,Daiwa Securities Group Inc.,2644634,3/30/21,0.0198,350546236,9,EXR-9,132.55
CUBE,SELF STORAGE,"Vanguard Group, Inc.",27807118,3/30/21,0.138,1051943273,0,CUBE-0,37.83
CUBE,SELF STORAGE,"FMR, LLC",20023476,3/30/21,0.0994,757488097,1,CUBE-1,37.83
CUBE,SELF STORAGE,Blackrock Inc.,15643920,3/30/21,0.0776,591809493,2,CUBE-2,37.83
CUBE,SELF STORAGE,PGGM Investments,12476278,3/30/21,0.0619,471977596,3,CUBE-3,37.83
CUBE,SELF STORAGE,Cohen & Steers Inc.,8989913,3/30/21,0.0446,340088408,4,CUBE-4,37.83
CUBE,SELF STORAGE,Price (T.Rowe) Associates Inc,8417372,3/30/21,0.0418,318429182,5,CUBE-5,37.83
CUBE,SELF STORAGE,"Principal Financial Group, Inc.",8226316,3/30/21,0.0408,311201534,6,CUBE-6,37.83
CUBE,SELF STORAGE,JP Morgan Chase & Company,7879194,3/30/21,0.0391,298069909,7,CUBE-7,37.83
CUBE,SELF STORAGE,State Street Corporation,6537570,3/30/21,0.0324,247316273,8,CUBE-8,37.83
CUBE,SELF STORAGE,Resolution Capital Ltd,5977566,3/30/21,0.0297,226131321,9,CUBE-9,37.83
REXR,SELF STORAGE,"Vanguard Group, Inc.",18515161,3/30/21,0.1381,933164114,0,REXR-0,50.4
REXR,SELF STORAGE,Blackrock Inc.,17839690,3/30/21,0.1331,899120376,1,REXR-1,50.4
REXR,SELF STORAGE,"Wellington Management Group, LLP",8467888,3/30/21,0.0632,426781555,2,REXR-2,50.4
REXR,SELF STORAGE,PGGM Investments,8390819,3/30/21,0.0626,422897277,3,REXR-3,50.4
REXR,SELF STORAGE,"Principal Financial Group, Inc.",8117345,3/30/21,0.0606,409114188,4,REXR-4,50.4
REXR,SELF STORAGE,Invesco Ltd.,5632211,3/30/21,0.042,283863434,5,REXR-5,50.4
REXR,SELF STORAGE,State Street Corporation,5612723,3/30/21,0.0419,282881239,6,REXR-6,50.4
REXR,SELF STORAGE,Nuveen Asset Management,4823571,3/30/21,0.036,243107978,7,REXR-7,50.4
REXR,SELF STORAGE,Price (T.Rowe) Associates Inc,4079676,3/30/21,0.0304,205615670,8,REXR-8,50.4
REXR,SELF STORAGE,JP Morgan Chase & Company,3711995,3/30/21,0.0277,187084548,9,REXR-9,50.4
LSI,SELF STORAGE,"Vanguard Group, Inc.",11022487,3/30/21,0.1419,947382757,0,LSI-0,85.95
LSI,SELF STORAGE,Blackrock Inc.,8886354,3/30/21,0.1144,763782126,1,LSI-1,85.95
LSI,SELF STORAGE,"Wellington Management Group, LLP",6934670,3/30/21,0.0893,596034886,2,LSI-2,85.95
LSI,SELF STORAGE,JP Morgan Chase & Company,3650244,3/30/21,0.047,313738471,3,LSI-3,85.95
LSI,SELF STORAGE,State Street Corporation,3268755,3/30/21,0.0421,280949492,4,LSI-4,85.95
LSI,SELF STORAGE,CenterSquare Investment Management LLC,2747106,3/30/21,0.0354,236113760,5,LSI-5,85.95
LSI,SELF STORAGE,Massachusetts Financial Services Co.,2709568,3/30/21,0.0349,232887369,6,LSI-6,85.95
LSI,SELF STORAGE,Deutsche Bank Aktiengesellschaft,2111383,3/30/21,0.0272,181473368,7,LSI-7,85.95
LSI,SELF STORAGE,Invesco Ltd.,1409072,3/30/21,0.0181,121109738,8,LSI-8,85.95
LSI,SELF STORAGE,Cbre Clarion Securities LLC,1298707,3/30/21,0.0167,111623866,9,LSI-9,85.95
EQIX,DATA CENTER,"Vanguard Group, Inc.",11357446,3/30/21,0.1268,7718406727,0,EQIX-0,679.59
EQIX,DATA CENTER,Blackrock Inc.,7318553,3/30/21,0.0817,4973615433,1,EQIX-1,679.59
EQIX,DATA CENTER,State Street Corporation,3345602,3/30/21,0.0373,2273637663,2,EQIX-2,679.59
EQIX,DATA CENTER,Edgewood Management Company,2940545,3/30/21,0.0328,1998364976,3,EQIX-3,679.59
EQIX,DATA CENTER,"FMR, LLC",2285674,3/30/21,0.0255,1553321193,4,EQIX-4,679.59
EQIX,DATA CENTER,Capital International Investors,2258768,3/30/21,0.0252,1535036145,5,EQIX-5,679.59
EQIX,DATA CENTER,Cohen & Steers Inc.,2105039,3/30/21,0.0235,1430563454,6,EQIX-6,679.59
EQIX,DATA CENTER,Capital World Investors,1867145,3/30/21,0.0208,1268893070,7,EQIX-7,679.59
EQIX,DATA CENTER,Capital Research Global Investors,1692374,3/30/21,0.0189,1150120446,8,EQIX-8,679.59
EQIX,DATA CENTER,"Geode Capital Management, LLC",1589885,3/30/21,0.0177,1080469947,9,EQIX-9,679.59
DLR,DATA CENTER,"Vanguard Group, Inc.",43979160,3/30/21,0.1562,6194024894,0,DLR-0,140.84
DLR,DATA CENTER,Blackrock Inc.,26660042,3/30/21,0.0947,3754800315,1,DLR-1,140.84
DLR,DATA CENTER,Capital World Investors,16707426,3/30/21,0.0593,2353073877,2,DLR-2,140.84
DLR,DATA CENTER,State Street Corporation,15766410,3/30/21,0.056,2220541184,3,DLR-3,140.84
DLR,DATA CENTER,"FMR, LLC",10737009,3/30/21,0.0381,1512200347,4,DLR-4,140.84
DLR,DATA CENTER,Apg Asset Management Us Inc.,9866800,3/30/21,0.035,1389640112,5,DLR-5,140.84
DLR,DATA CENTER,Capital International Investors,9540627,3/30/21,0.0339,1343701906,6,DLR-6,140.84
DLR,DATA CENTER,Capital Research Global Investors,9078011,3/30/21,0.0322,1278547069,7,DLR-7,140.84
DLR,DATA CENTER,Cohen & Steers Inc.,7450351,3/30/21,0.0265,1049307434,8,DLR-8,140.84
DLR,DATA CENTER,Northern Trust Corporation,4885409,3/30/21,0.0173,688061003,9,DLR-9,140.84
CONE,DATA CENTER,Cohen & Steers Inc.,20466139,3/30/21,0.167,1385966933,0,CONE-0,67.72
CONE,DATA CENTER,"Vanguard Group, Inc.",17385353,3/30/21,0.1419,1177336105,1,CONE-1,67.72
CONE,DATA CENTER,Blackrock Inc.,14329164,3/30/21,0.1169,970370986,2,CONE-2,67.72
CONE,DATA CENTER,Daiwa Securities Group Inc.,4677566,3/30/21,0.0382,316764769,3,CONE-3,67.72
CONE,DATA CENTER,State Street Corporation,4139035,3/30/21,0.0338,280295450,4,CONE-4,67.72
CONE,DATA CENTER,Nuveen Asset Management,4065863,3/30/21,0.0332,275340242,5,CONE-5,67.72
CONE,DATA CENTER,"Principal Financial Group, Inc.",3939959,3/30/21,0.0322,266814023,6,CONE-6,67.72
CONE,DATA CENTER,Invesco Ltd.,2810156,3/30/21,0.0229,190303764,7,CONE-7,67.72
CONE,DATA CENTER,Bank of America Corporation,2710045,3/30/21,0.0221,183524247,8,CONE-8,67.72
CONE,DATA CENTER,Morgan Stanley,2121385,3/30/21,0.0173,143660192,9,CONE-9,67.72
COR,DATA CENTER,"Vanguard Group, Inc.",6082553,3/30/21,0.1415,728993977,0,COR-0,119.85
COR,DATA CENTER,Blackrock Inc.,4149295,3/30/21,0.0965,497293005,1,COR-1,119.85
COR,DATA CENTER,Massachusetts Financial Services Co.,2366283,3/30/21,0.055,283599017,2,COR-2,119.85
COR,DATA CENTER,"Principal Financial Group, Inc.",1639454,3/30/21,0.0381,196488561,3,COR-3,119.85
COR,DATA CENTER,"FMR, LLC",1634591,3/30/21,0.038,195905731,4,COR-4,119.85
COR,DATA CENTER,Mairs & Power Inc,1260703,3/30/21,0.0293,151095254,5,COR-5,119.85
COR,DATA CENTER,State Street Corporation,1038213,3/30/21,0.0242,124429828,6,COR-6,119.85
COR,DATA CENTER,JP Morgan Chase & Company,956554,3/30/21,0.0223,114642996,7,COR-7,119.85
COR,DATA CENTER,Norges Bank Investment Management,801624,12/30/20,0.0186,100427454,8,COR-8,125.28
COR,DATA CENTER,M&G Investment Management Ltd,769525,3/30/21,0.0179,92227571,9,COR-9,119.85
WELL,HEALTH CARE,"Vanguard Group, Inc.",65903096,3/30/21,0.1578,4720638766,0,WELL-0,71.63
WELL,HEALTH CARE,Blackrock Inc.,43189692,3/30/21,0.1034,3093677637,1,WELL-1,71.63
WELL,HEALTH CARE,State Street Corporation,23934274,3/30/21,0.0573,1714412046,2,WELL-2,71.63
WELL,HEALTH CARE,Price (T.Rowe) Associates Inc,17323282,3/30/21,0.0415,1240866689,3,WELL-3,71.63
WELL,HEALTH CARE,"Principal Financial Group, Inc.",14070237,3/30/21,0.0337,1007851076,4,WELL-4,71.63
WELL,HEALTH CARE,"FMR, LLC",10534855,3/30/21,0.0252,754611663,5,WELL-5,71.63
WELL,HEALTH CARE,PGGM Investments,8474356,3/30/21,0.0203,607018120,6,WELL-6,71.63
WELL,HEALTH CARE,Cohen & Steers Inc.,8467829,3/30/21,0.0203,606550591,7,WELL-7,71.63
WELL,HEALTH CARE,"Geode Capital Management, LLC",8215974,3/30/21,0.0197,588510217,8,WELL-8,71.63
WELL,HEALTH CARE,Invesco Ltd.,7851130,3/30/21,0.0188,562376441,9,WELL-9,71.63
PEAK,HEALTH CARE,"Vanguard Group, Inc.",84995309,3/30/21,0.1577,2697751107,0,PEAK-0,31.74
PEAK,HEALTH CARE,Cohen & Steers Inc.,70123019,3/30/21,0.1301,2225704623,1,PEAK-1,31.74
PEAK,HEALTH CARE,Blackrock Inc.,55340817,3/30/21,0.1027,1756517531,2,PEAK-2,31.74
PEAK,HEALTH CARE,State Street Corporation,31705714,3/30/21,0.0588,1006339362,3,PEAK-3,31.74
PEAK,HEALTH CARE,PGGM Investments,18106763,3/30/21,0.0336,574708657,4,PEAK-4,31.74
PEAK,HEALTH CARE,JP Morgan Chase & Company,17707843,3/30/21,0.0329,562046936,5,PEAK-5,31.74
PEAK,HEALTH CARE,Daiwa Securities Group Inc.,13757966,3/30/21,0.0255,436677840,6,PEAK-6,31.74
PEAK,HEALTH CARE,"Geode Capital Management, LLC",10381809,3/30/21,0.0193,329518617,7,PEAK-7,31.74
PEAK,HEALTH CARE,Northern Trust Corporation,9712352,3/30/21,0.018,308270052,8,PEAK-8,31.74
PEAK,HEALTH CARE,Resolution Capital Ltd,8345016,3/30/21,0.0155,264870807,9,PEAK-9,31.74
VTR,HEALTH CARE,"Vanguard Group, Inc.",59255392,3/30/21,0.158,3160682609,0,VTR-0,53.34
VTR,HEALTH CARE,Blackrock Inc.,37285965,3/30/21,0.0994,1988833373,1,VTR-1,53.34
VTR,HEALTH CARE,Cohen & Steers Inc.,32122418,3/30/21,0.0856,1713409776,2,VTR-2,53.34
VTR,HEALTH CARE,State Street Corporation,22364115,3/30/21,0.0596,1192901894,3,VTR-3,53.34
VTR,HEALTH CARE,Apg Asset Management Us Inc.,19464000,3/30/21,0.0519,1038209760,4,VTR-4,53.34
VTR,HEALTH CARE,JP Morgan Chase & Company,19035492,3/30/21,0.0507,1015353143,5,VTR-5,53.34
VTR,HEALTH CARE,"FMR, LLC",15521783,3/30/21,0.0414,827931905,6,VTR-6,53.34
VTR,HEALTH CARE,"Geode Capital Management, LLC",7397854,3/30/21,0.0197,394601532,7,VTR-7,53.34
VTR,HEALTH CARE,Daiwa Securities Group Inc.,7294224,3/30/21,0.0194,389073908,8,VTR-8,53.34
VTR,HEALTH CARE,Invesco Ltd.,6821660,3/30/21,0.0182,363867344,9,VTR-9,53.34
OHI,HEALTH CARE,"Vanguard Group, Inc.",32124029,12/30/20,0.1372,1166744733,0,OHI-0,36.32
OHI,HEALTH CARE,Blackrock Inc.,27113630,12/30/20,0.1158,984767041,1,OHI-1,36.32
OHI,HEALTH CARE,State Street Corporation,11768448,12/30/20,0.0503,427430031,2,OHI-2,36.32
OHI,HEALTH CARE,Cohen & Steers Inc.,7995054,12/30/20,0.0342,290380361,3,OHI-3,36.32
OHI,HEALTH CARE,Bank Of New York Mellon Corporation,4587805,12/30/20,0.0196,166629077,4,OHI-4,36.32
OHI,HEALTH CARE,Invesco Ltd.,4236015,12/30/20,0.0181,153852064,5,OHI-5,36.32
OHI,HEALTH CARE,"Geode Capital Management, LLC",3495789,12/30/20,0.0149,126967056,6,OHI-6,36.32
OHI,HEALTH CARE,Dimensional Fund Advisors LP,3275085,12/30/20,0.014,118951087,7,OHI-7,36.32
OHI,HEALTH CARE,Northern Trust Corporation,3042308,12/30/20,0.013,110496626,8,OHI-8,36.32
OHI,HEALTH CARE,Lsv Asset Management,2975532,3/30/21,0.0127,108993737,9,OHI-9,36.63
HTA,HEALTH CARE,"Vanguard Group, Inc.",31130625,3/30/21,0.1423,858582637,0,HTA-0,27.58
HTA,HEALTH CARE,Cohen & Steers Inc.,23019288,3/30/21,0.1052,634871963,1,HTA-1,27.58
HTA,HEALTH CARE,Blackrock Inc.,16615688,3/30/21,0.0759,458260675,2,HTA-2,27.58
HTA,HEALTH CARE,"Principal Financial Group, Inc.",15817196,3/30/21,0.0723,436238265,3,HTA-3,27.58
HTA,HEALTH CARE,Apg Asset Management Us Inc.,11356300,3/30/21,0.0519,313206754,4,HTA-4,27.58
HTA,HEALTH CARE,State Street Corporation,7124472,3/30/21,0.0326,196492937,5,HTA-5,27.58
HTA,HEALTH CARE,Victory Capital Management Inc.,6168162,3/30/21,0.0282,170117907,6,HTA-6,27.58
HTA,HEALTH CARE,Daiwa Securities Group Inc.,5611228,3/30/21,0.0256,154757668,7,HTA-7,27.58
HTA,HEALTH CARE,Royal Bank of Canada,5100482,3/30/21,0.0233,140671293,8,HTA-8,27.58
HTA,HEALTH CARE,PGGM Investments,4658143,3/30/21,0.0213,128471583,9,HTA-9,27.58
HR,HEALTH CARE,Blackrock Inc.,20757853,3/30/21,0.1465,629378102,0,HR-0,30.32
HR,HEALTH CARE,"Vanguard Group, Inc.",20118568,3/30/21,0.142,609994981,1,HR-1,30.32
HR,HEALTH CARE,State Street Corporation,7027044,3/30/21,0.0496,213059974,2,HR-2,30.32
HR,HEALTH CARE,"FMR, LLC",6308806,3/30/21,0.0445,191282997,3,HR-3,30.32
HR,HEALTH CARE,Price (T.Rowe) Associates Inc,5713944,3/30/21,0.0403,173246782,4,HR-4,30.32
HR,HEALTH CARE,"Principal Financial Group, Inc.",5410479,3/30/21,0.0382,164045723,5,HR-5,30.32
HR,HEALTH CARE,JP Morgan Chase & Company,4329163,3/30/21,0.0306,131260222,6,HR-6,30.32
HR,HEALTH CARE,Bank Of New York Mellon Corporation,3798537,3/30/21,0.0268,115171641,7,HR-7,30.32
HR,HEALTH CARE,"Goldman Sachs Group, Inc.",3629300,3/30/21,0.0256,110040376,8,HR-8,30.32
HR,HEALTH CARE,"Nuance Investments, LLC",3215416,3/30/21,0.0227,97491413,9,HR-9,30.32